,FROM FILE,LINE,NOTE,OVERWRITE,TAGS
,n/a,n/a,n/a,n/a,n/a
INPREP_INC\Common\DATACURVES.INC,,255,,Yes,
INPREP_INC\Common\DEFINES.INC,,256,,Yes,
INPREP_INC\Common\FLUIDS.INC,,58,,Yes,
INPREP_INC\Externals\EXTERNALS.INC,,257,,Yes,
INPREP_INC\KSTA\KSTA_CKV.INC,INPREP_INC\LDS_KSTA.INC,8,,Yes,
INPREP_INC\KSTA\KSTA_DRA.INC,INPREP_INC\LDS_KSTA.INC,9,,Yes,
INPREP_INC\KSTA\KSTA_IMLV.INC,INPREP_INC\LDS_KSTA.INC,7,,Yes,
INPREP_INC\KSTA\KSTA_MONITORS.INC,INPREP_INC\LDS_KSTA.INC,6,,Yes,
INPREP_INC\KSTA\KSTA_NODE.INC,INPREP_INC\LDS_KSTA.INC,4,,Yes,
INPREP_INC\KSTA\KSTA_PIPE.INC,INPREP_INC\LDS_KSTA.INC,5,,Yes,
INPREP_INC\KSTA\KSTA_SCADA.INC,INPREP_INC\LDS_KSTA.INC,3,,Yes,
INPREP_INC\KSTA\LDS\BELPL.INC,INPREP_INC\LDS_KSTA.INC,10,,Yes,
INPREP_INC\KSTA\LDS\BNDLO.INC,INPREP_INC\LDS_KSTA.INC,45,,Yes,
INPREP_INC\KSTA\LDS\BRSTL.INC,INPREP_INC\LDS_KSTA.INC,11,,Yes,
INPREP_INC\KSTA\LDS\CABRP.INC,INPREP_INC\LDS_KSTA.INC,12,,Yes,
INPREP_INC\KSTA\LDS\CARMA.INC,INPREP_INC\LDS_KSTA.INC,13,,Yes,
INPREP_INC\KSTA\LDS\CAROP.INC,INPREP_INC\LDS_KSTA.INC,14,,Yes,
INPREP_INC\KSTA\LDS\CHPLN.INC,INPREP_INC\LDS_KSTA.INC,15,,Yes,
INPREP_INC\KSTA\LDS\CRNDL.INC,INPREP_INC\LDS_KSTA.INC,16,,Yes,
INPREP_INC\KSTA\LDS\CRPTR.INC,INPREP_INC\LDS_KSTA.INC,17,,Yes,
INPREP_INC\KSTA\LDS\DVDCT.INC,INPREP_INC\LDS_KSTA.INC,18,,Yes,
INPREP_INC\KSTA\LDS\EDNBG.INC,INPREP_INC\LDS_KSTA.INC,19,,Yes,
INPREP_INC\KSTA\LDS\ELMCK.INC,INPREP_INC\LDS_KSTA.INC,20,,Yes,
INPREP_INC\KSTA\LDS\FERNY.INC,INPREP_INC\LDS_KSTA.INC,21,,Yes,
INPREP_INC\KSTA\LDS\FREMA.INC,INPREP_INC\LDS_KSTA.INC,22,,Yes,
INPREP_INC\KSTA\LDS\FTRSM.INC,INPREP_INC\LDS_KSTA.INC,23,,Yes,
INPREP_INC\KSTA\LDS\GRNFL.INC,INPREP_INC\LDS_KSTA.INC,24,,Yes,
INPREP_INC\KSTA\LDS\HRBRT.INC,INPREP_INC\LDS_KSTA.INC,25,,Yes,
INPREP_INC\KSTA\LDS\HRDSY.INC,INPREP_INC\LDS_KSTA.INC,46,,Yes,
INPREP_INC\KSTA\LDS\HRTGT.INC,INPREP_INC\LDS_KSTA.INC,26,,Yes,
INPREP_INC\KSTA\LDS\HSKTT.INC,INPREP_INC\LDS_KSTA.INC,27,,Yes,
INPREP_INC\KSTA\LDS\KENDL.INC,INPREP_INC\LDS_KSTA.INC,28,,Yes,
INPREP_INC\KSTA\LDS\LBNTL.INC,INPREP_INC\LDS_KSTA.INC,29,,Yes,
INPREP_INC\KSTA\LDS\LKSND.INC,INPREP_INC\LDS_KSTA.INC,47,,Yes,
INPREP_INC\KSTA\LDS\LUDDE.INC,INPREP_INC\LDS_KSTA.INC,30,,Yes,
INPREP_INC\KSTA\LDS\LUVER.INC,INPREP_INC\LDS_KSTA.INC,31,,Yes,
INPREP_INC\KSTA\LDS\MNTOR.INC,INPREP_INC\LDS_KSTA.INC,32,,Yes,
INPREP_INC\KSTA\LDS\MOSMI.INC,INPREP_INC\LDS_KSTA.INC,33,,Yes,
INPREP_INC\KSTA\LDS\NAGRA.INC,INPREP_INC\LDS_KSTA.INC,34,,Yes,
INPREP_INC\KSTA\LDS\OYENP.INC,INPREP_INC\LDS_KSTA.INC,35,,Yes,
INPREP_INC\KSTA\LDS\PRTLP.INC,INPREP_INC\LDS_KSTA.INC,36,,Yes,
INPREP_INC\KSTA\LDS\REGNA.INC,INPREP_INC\LDS_KSTA.INC,37,,Yes,
INPREP_INC\KSTA\LDS\ROSWL.INC,INPREP_INC\LDS_KSTA.INC,38,,Yes,
INPREP_INC\KSTA\LDS\RPDCT.INC,INPREP_INC\LDS_KSTA.INC,39,,Yes,
INPREP_INC\KSTA\LDS\STLCT.INC,INPREP_INC\LDS_KSTA.INC,48,,Yes,
INPREP_INC\KSTA\LDS\STNTO.INC,INPREP_INC\LDS_KSTA.INC,40,,Yes,
INPREP_INC\KSTA\LDS\STWTV.INC,INPREP_INC\LDS_KSTA.INC,41,,Yes,
INPREP_INC\KSTA\LDS\WELWD.INC,INPREP_INC\LDS_KSTA.INC,42,,Yes,
INPREP_INC\KSTA\LDS\WLBER.INC,INPREP_INC\LDS_KSTA.INC,43,,Yes,
INPREP_INC\KSTA\LDS\WTWOD.INC,INPREP_INC\LDS_KSTA.INC,44,,Yes,
INPREP_INC\KSTB\KSTB_CKV.INC,INPREP_INC\LDS_KSTB.INC,8,,Yes,
INPREP_INC\KSTB\KSTB_DRA.INC,INPREP_INC\LDS_KSTB.INC,9,,Yes,
INPREP_INC\KSTB\KSTB_IMLV.INC,INPREP_INC\LDS_KSTB.INC,7,,Yes,
INPREP_INC\KSTB\KSTB_MONITORS.INC,INPREP_INC\LDS_KSTB.INC,6,,Yes,
INPREP_INC\KSTB\KSTB_NODE.INC,INPREP_INC\LDS_KSTB.INC,4,,Yes,
INPREP_INC\KSTB\KSTB_PIPE.INC,INPREP_INC\LDS_KSTB.INC,5,,Yes,
INPREP_INC\KSTB\KSTB_SCADA.INC,INPREP_INC\LDS_KSTB.INC,3,,Yes,
INPREP_INC\KSTB\LDS\CNTRL.INC,INPREP_INC\LDS_KSTB.INC,10,,Yes,
INPREP_INC\KSTB\LDS\HRTDD.INC,INPREP_INC\LDS_KSTB.INC,21,,Yes,
INPREP_INC\KSTB\LDS\HRTFD.INC,INPREP_INC\LDS_KSTB.INC,11,,Yes,
INPREP_INC\KSTB\LDS\MDLTP.INC,INPREP_INC\LDS_KSTB.INC,12,,Yes,
INPREP_INC\KSTB\LDS\PEROP.INC,INPREP_INC\LDS_KSTB.INC,13,,Yes,
INPREP_INC\KSTB\LDS\PTOKA.INC,INPREP_INC\LDS_KSTB.INC,14,,Yes,
INPREP_INC\KSTB\LDS\SLBRY.INC,INPREP_INC\LDS_KSTB.INC,15,,Yes,
INPREP_INC\KSTB\LDS\SNECA.INC,INPREP_INC\LDS_KSTB.INC,16,,Yes,
INPREP_INC\KSTB\LDS\SNTPL.INC,INPREP_INC\LDS_KSTB.INC,17,,Yes,
INPREP_INC\KSTB\LDS\SVRNC.INC,INPREP_INC\LDS_KSTB.INC,18,,Yes,
INPREP_INC\KSTB\LDS\TINAP.INC,INPREP_INC\LDS_KSTB.INC,19,,Yes,
INPREP_INC\KSTB\LDS\TRNEY.INC,INPREP_INC\LDS_KSTB.INC,20,,Yes,
INPREP_INC\KSTC\KSTC_CKV.INC,INPREP_INC\LDS_KSTC.INC,8,,Yes,
INPREP_INC\KSTC\KSTC_DRA.INC,INPREP_INC\LDS_KSTC.INC,9,,Yes,
INPREP_INC\KSTC\KSTC_IMLV.INC,INPREP_INC\LDS_KSTC.INC,7,,Yes,
INPREP_INC\KSTC\KSTC_MONITORS.INC,INPREP_INC\LDS_KSTC.INC,6,,Yes,
INPREP_INC\KSTC\KSTC_NODE.INC,INPREP_INC\LDS_KSTC.INC,4,,Yes,
INPREP_INC\KSTC\KSTC_PIPE.INC,INPREP_INC\LDS_KSTC.INC,5,,Yes,
INPREP_INC\KSTC\KSTC_SCADA.INC,INPREP_INC\LDS_KSTC.INC,3,,Yes,
INPREP_INC\KSTC\LDS\BURNS.INC,INPREP_INC\LDS_KSTC.INC,13,,Yes,
INPREP_INC\KSTC\LDS\CSHNG.INC,INPREP_INC\LDS_KSTC.INC,14,,Yes,
INPREP_INC\KSTC\LDS\HOPEP.INC,INPREP_INC\LDS_KSTC.INC,10,,Yes,
INPREP_INC\KSTC\LDS\PNCCP.INC,INPREP_INC\LDS_KSTC.INC,11,,Yes,
INPREP_INC\KSTC\LDS\RILEY.INC,INPREP_INC\LDS_KSTC.INC,15,,Yes,
INPREP_INC\KSTC\LDS\ROCKP.INC,INPREP_INC\LDS_KSTC.INC,12,,Yes,
INPREP_INC\KSTC\LDS\STLCB.INC,INPREP_INC\LDS_KSTC.INC,16,,Yes,
INPREP_INC\KSTD\KSTD_CKV.INC,INPREP_INC\LDS_KSTD.INC,8,,Yes,
INPREP_INC\KSTD\KSTD_DRA.INC,INPREP_INC\LDS_KSTD.INC,9,,Yes,
INPREP_INC\KSTD\KSTD_IMLV.INC,INPREP_INC\LDS_KSTD.INC,7,,Yes,
INPREP_INC\KSTD\KSTD_MONITORS.INC,INPREP_INC\LDS_KSTD.INC,6,,Yes,
INPREP_INC\KSTD\KSTD_NODE.INC,INPREP_INC\LDS_KSTD.INC,4,,Yes,
INPREP_INC\KSTD\KSTD_PIPE.INC,INPREP_INC\LDS_KSTD.INC,5,,Yes,
INPREP_INC\KSTD\KSTD_SCADA.INC,INPREP_INC\LDS_KSTD.INC,3,,Yes,
INPREP_INC\KSTD\LDS\BRYAN.INC,INPREP_INC\LDS_KSTD.INC,10,,Yes,
INPREP_INC\KSTD\LDS\CITGO.INC,INPREP_INC\LDS_KSTD.INC,29,,Yes,
INPREP_INC\KSTD\LDS\CORGN.INC,INPREP_INC\LDS_KSTD.INC,11,,Yes,
INPREP_INC\KSTD\LDS\CRMWL.INC,INPREP_INC\LDS_KSTD.INC,12,,Yes,
INPREP_INC\KSTD\LDS\CSHSP.INC,INPREP_INC\LDS_KSTD.INC,13,,Yes,
INPREP_INC\KSTD\LDS\CSHTT.INC,INPREP_INC\LDS_KSTD.INC,30,,Yes,
INPREP_INC\KSTD\LDS\CTGOD.INC,INPREP_INC\LDS_KSTD.INC,21,,Yes,
INPREP_INC\KSTD\LDS\CTGOI.INC,INPREP_INC\LDS_KSTD.INC,25,,Yes,
INPREP_INC\KSTD\LDS\DELTA.INC,INPREP_INC\LDS_KSTD.INC,14,,Yes,
INPREP_INC\KSTD\LDS\HSTNL.INC,INPREP_INC\LDS_KSTD.INC,24,,Yes,
INPREP_INC\KSTD\LDS\HSTNT.INC,INPREP_INC\LDS_KSTD.INC,26,,Yes,
INPREP_INC\KSTD\LDS\LIBRT.INC,INPREP_INC\LDS_KSTD.INC,15,,Yes,
INPREP_INC\KSTD\LDS\LKTLR.INC,INPREP_INC\LDS_KSTD.INC,16,,Yes,
INPREP_INC\KSTD\LDS\LUCAS.INC,INPREP_INC\LDS_KSTD.INC,27,,Yes,
INPREP_INC\KSTD\LDS\LUFKN.INC,INPREP_INC\LDS_KSTD.INC,17,,Yes,
INPREP_INC\KSTD\LDS\NDLPS.INC,INPREP_INC\LDS_KSTD.INC,18,,Yes,
INPREP_INC\KSTD\LDS\NDRLD.INC,INPREP_INC\LDS_KSTD.INC,22,,Yes,
INPREP_INC\KSTD\LDS\PNLPN.INC,INPREP_INC\LDS_KSTD.INC,28,,Yes,
INPREP_INC\KSTD\LDS\PTNCI.INC,INPREP_INC\LDS_KSTD.INC,23,,Yes,
INPREP_INC\KSTD\LDS\TPELO.INC,INPREP_INC\LDS_KSTD.INC,19,,Yes,
INPREP_INC\KSTD\LDS\WNSBR.INC,INPREP_INC\LDS_KSTD.INC,20,,Yes,
INPREP_INC\LDS_KSTA.INC,,258,,Yes,
INPREP_INC\LDS_KSTB.INC,,259,,Yes,
INPREP_INC\LDS_KSTC.INC,,260,,Yes,
INPREP_INC\LDS_KSTD.INC,,261,,Yes,
